ID,模块,功能名称,功能描述,优先级,负责人,状态,验收要点,开发备注
SYS-01,基础,启动入口与模式选择,解析启动参数；无参数进入 CLI；--tui 选择可选界面,P0,Lvzhen ZHOU,开发中,--help 无数据库也可查看；CLI 不导入 TUI 库；TUI 未就绪明确提示并非零退出,
SYS-02,基础,CLI 菜单导航,按登录身份显示模块入口并支持返回与退出,P0,Lvzhen ZHOU,开发中,合法选择进入对应操作；0 按约定返回或退出；未实现操作显示待接入提示且不伪装成功,
SYS-03,基础,数据库建表与结构版本,通过显式操作初始化表结构、顺序迁移并检查已应用版本,P0,Lvzhen ZHOU,待验收,空库可初始化至 v3；v2 可停机迁移至 v3；重复执行从实际阶段安全恢复且不覆盖业务数据；普通启动只检查结构不自动改表,演示数据拆至 SYS-05；v3 迁移验收见 TEST-08
SYS-04,基础,配置与数据库连接检查,读取数据库等环境配置并在启动时检查必要配置和连接,P0,Lvzhen ZHOU,待验收,缺配置提示具体配置项；连接失败不给出伪成功；提示和日志不含凭据,由 SYS-01 拆分
SYS-05,基础,合成演示数据初始化,显式生成账号及各已实现模块的合成演示资料,P0,Lvzhen ZHOU,待验收,连续执行两次不重复造数据或覆盖已有记录；不生成真实个人资料,由 SYS-03 拆分；随模块完成逐步补齐种子数据
SYS-06,基础,退出与资源释放,正常退出及 Ctrl+C 或输入结束时关闭数据库和交互资源,P0,Lvzhen ZHOU,开发中,已提交数据重启仍存在；未提交事务不遗留半条业务；终端可继续使用,由 SYS-02 拆分
UI-01,可选界面,TUI 入口与页面,通过 --tui 进入终端界面并调用共用业务服务,P2,Lvzhen ZHOU,待确认,已接入功能与 CLI 的业务结果一致；缺可选依赖不影响默认 CLI,时间允许时实现；不阻塞 CLI 交付
UI-02,基础,CLI 公共输入与显示,统一数字和日期输入及确认取消和分页格式,P0,Lvzhen ZHOU,待验收,非法格式可重输；取消不调用写服务；空列表有说明；分页不漏项或重复,由 SYS-02 拆分
AUTH-01,账号与权限,登录,校验用户名及密码并取得当前操作者身份,P0,Jiafeng YE,待开发,正确凭据可登录；错误或停用账号被拒绝；错误提示不泄露账号存在性；密码不去空白或转小写，按原值认证,退出登录拆至 AUTH-06
AUTH-02,账号与权限,角色与数据归属检查,在每个公开业务服务检查角色和目标数据归属,P0,Jiafeng YE,待开发,直接调用服务也不能绕过；会员不能访问他人记录；教练不能操作他人课次,
AUTH-03,账号与权限,创建账号,管理员创建会员或员工账号并关联适当档案,P0,Jiafeng YE,待开发,用户名重复被拒绝；角色与档案匹配；密码以专用算法哈希保存；密码仅允许 ASCII 字母数字及短横线下划线，共 6–32 位；不要求字符组合,停用和维护拆至 AUTH-04、AUTH-05；2026-09-20 已确定密码格式；暂不检测强度，哈希库采用 argon2-cffi
AUTH-04,账号与权限,停用与恢复账号,管理员更改账号启用状态并保留业务历史,P1,Jiafeng YE,待开发,停用后新登录和后续业务请求均被拒绝；恢复后可登录；历史不被删除,由 AUTH-03 拆分
AUTH-05,账号与权限,账号查询与档案关联,管理员查看账号及角色并维护账号与会员或教练的关联,P1,Jiafeng YE,待开发,不显示密码哈希；目标账号角色不符或已绑定其他档案时拒绝；移交成功后旧账号解除关联；同一关联重复操作不变,由 AUTH-03 拆分
AUTH-06,账号与权限,退出登录,清除当前身份并返回登录入口,P0,Jiafeng YE,待开发,退出后不能沿旧菜单继续操作；下一位登录者不会看到上一人的私有数据,由 AUTH-01 拆分
MEM-01,会员,会员建档,前台或管理员登记姓名与必要联系方式,P0,Xingzhou PENG,待开发,必填项为空时拒绝；成功返回会员编号；重启后仍能查询,
MEM-02,会员,会员列表,在授权范围内分页显示会员基本信息和状态,P0,Xingzhou PENG,待开发,顺序稳定且分页不漏项；空数据有提示；不附带体测明细,详情与搜索拆至 MEM-04、MEM-05
MEM-03,会员,修改会员资料,修改姓名及联系方式等允许编辑的档案字段,P1,Xingzhou PENG,待开发,非法输入不覆盖旧值；修改不改变会员编号、健身房卡、私教课包或销售历史,停用拆至 MEM-06
MEM-04,会员,会员详情,按编号展示本人或授权范围内的会员资料,P0,Xingzhou PENG,待开发,显示目标会员并提供健身房卡、私教课包、预约和订单查询入口；不存在编号友好提示；跨会员越权被拒绝,由 MEM-02 拆分
MEM-05,会员,会员搜索,按会员编号精确查找或按姓名关键词筛选,P1,Xingzhou PENG,待开发,同名会员用编号区分；空结果可返回；搜索结果仍受权限限制,由 MEM-02 拆分
MEM-06,会员,归档与恢复会员,归档不再接受新业务的会员档案或恢复使用,P1,Xingzhou PENG,待开发,归档后拒绝新销售、新预约和健身房卡来源入场；归档前已有开放预约仍可按规则签到、结算或作为当日预约入场来源；历史权益、预约和收款可追溯,由 MEM-03 拆分
CARD-01,健身房卡,创建健身房卡产品,新增期限卡或次卡产品并设置名称、价格和对应权益条款,P0,Xingzhou PENG,待开发,期限卡 valid_days 为正且 start_policy 为 immediate 或 append；次卡 total_entries 为正且没有日期字段；价格为正；仅期限卡可启用赠送；非法参数不保存,产品查询维护拆至 CARD-05 至 CARD-07；产品采用 kind 判别的封闭联合
CARD-02,健身房卡,销售健身房卡,为会员销售指定健身房卡产品并创建订单、项目、收款和已购卡,P0,Xingzhou PENG,待开发,一笔请求只生成一张卡、一笔订单、一项付费项目和一笔收款；任一步失败全部回滚；相同 request_id 重试返回原结果且不重复收费,与 Mingjin LI 对接 PAY-04；期限卡接续销售见 CARD-08
CARD-03,健身房卡,会员健身房卡列表,按会员分页查询期限卡和次卡及其购买或赠送来源,P0,Xingzhou PENG,待开发,期限卡显示左闭右开有效期；次卡显示总次数和剩余次数；来源、作废状态和派生状态清楚；列表 SQL 分页且稳定排序；不混入私教课包余额,单卡权益详情拆至 CARD-09
CARD-04,健身房卡,健身房卡状态筛选,按会员、种类、持久状态、来源和有效日期筛选健身房卡,P1,Xingzhou PENG,待开发,期限卡可组合 valid_on 与 expires_before；次卡按剩余次数派生可用或用尽状态；作废、未生效、有效、到期和用尽口径互不冲突；空结果返回 Page,私教课包余额提醒见 PKG-05
CARD-05,健身房卡,健身房卡产品查询,分页列出产品并按编号查看价格、判别种类和完整权益条款,P0,Xingzhou PENG,待开发,期限卡和次卡返回固定判别 View；销售与赠送启用标识清楚；不存在产品抛 NotFoundError；展示规则与销售使用规则一致,由 CARD-01 拆分
CARD-06,健身房卡,修改健身房卡产品,更改后续销售或赠送使用的名称、价格和同种类权益参数,P1,Xingzhou PENG,待开发,不能把期限卡原地改成次卡或反向转换；新条款不覆盖已发卡快照；非法参数不保存；写入在产品锁内完成,由 CARD-01 拆分
CARD-07,健身房卡,健身房卡产品启停,独立调整产品是否允许直接销售以及期限卡是否允许作为赠品,P1,Xingzhou PENG,待开发,停售产品不能直接销售；次卡不能作为赠品；被启用赠卡规则引用的期限卡不能直接停用赠送；已有卡及历史赠送不受影响,由 CARD-01 拆分；赠卡规则见 GIFT-01
CARD-08,健身房卡,期限卡接续销售,销售 start_policy 为 append 的期限卡并自动计算接续生效日,P1,Xingzhou PENG,待开发,接在全部未作废期限卡的最大 valid_until 之后；没有未来期限时从门店当天开始；并发销售按固定顺序锁卡且日期不重叠；次卡不进入日期接续；重试不重复收费,复用 CARD-02 与 PAY-04；产品为 immediate 时从门店当天开始
CARD-09,健身房卡,单张健身房卡详情,查看健身房卡归属、产品与发放快照、状态及购买或赠送来源,P0,Xingzhou PENG,待开发,期限卡返回有效期和策略快照；次卡返回总次数与剩余次数；购买来源可追溯销售项目；赠送来源可追溯赠送规则和触发订单；无权限不能查看,由 CARD-03 拆分
CARD-10,健身房卡,普通会员资格查询,查询指定会员在门店业务日期是否具有健身房会员资格及可用卡编号,P0,Xingzhou PENG,待开发,有效期限卡或尚有余额的次卡任一存在即为普通会员；结果去重；查询不扣次、不把预约资格算作普通会员资格；账号、档案和数据范围在服务层校验,对应 EntitlementQueryService.get_gym_membership
CARD-11,门禁入场,三路入场登记,由前台或管理员明确选择期限卡、次卡或当日私教预约作为入场来源,P0,Xingzhou PENG,待开发,每条记录恰有一种来源且来源属于会员；会员与门店日期唯一；次卡首次入场原子扣 1 次；期限卡和预约不扣次；同日及同请求重复返回首次记录；可按当天或 request_id 查询原结果；入场、扣次和操作记录同事务,使用带 kind 的 EntryInput 和 EntryView；取消预约与预约入场锁定同一预约；提交未知用 get_entry_by_request 核实
CARD-12,健身房卡,作废健身房卡,管理员永久作废指定期限卡或次卡并保留历史来源,P1,Xingzhou PENG,待开发,重复作废返回当前结果；作废后不能用于新入场；销售订单、付款、赠送和既有入场记录保持可追溯；不存在或越权抛项目异常,
PKG-01,私教课包,创建私教课包产品,新增独立的私教课包产品并设置名称、价格、课节数和可选有效天数,P0,Xingzhou PENG,待开发,lesson_credits 为正；valid_days 为空或为正；价格为正；非法参数不保存；产品不包含门禁字段或健身房卡编号,
PKG-02,私教课包,私教课包产品查询,分页列出课包产品并按编号查看完整销售条款和启用状态,P0,Xingzhou PENG,待开发,列表稳定分页；详情返回 LessonPackageProductView；不存在抛 NotFoundError；前台只见可销售产品且管理员可见全部,
PKG-03,私教课包,修改与停售课包产品,修改后续销售使用的课包条款并独立控制销售启用状态,P1,Xingzhou PENG,待开发,修改不覆盖已售课包快照和余额；停售后不能新销售但历史课包继续处理；写入锁定产品且权限在服务层校验,
PKG-04,私教课包,销售私教课包,为会员创建课包销售订单、项目、收款、课包以及规则命中的赠卡,P0,Xingzhou PENG；Mingjin LI,待开发,购买、收款、课包、赠送记录和赠卡一起提交或回滚；赠卡不产生第二笔付款；同 request_id 不重复收费或赠送；锁顺序固定且提交未知可按请求核实,与 PAY-04、GIFT-01 对接
PKG-05,私教课包,会员课包列表与余额,按会员分页查询课包的总课节、账面剩余、预约占用、可用课节和日期状态,P0,Xingzhou PENG,待开发,available_lessons 等于 remaining_lessons 减 reserved_lessons；无到期日课包不误判过期；余额分类互斥；列表 SQL 分页且不从预约历史临时汇总,
PKG-06,私教课包,课包详情与作废,查看课包销售来源和余额快照并由管理员永久作废无开放占用的课包,P1,Xingzhou PENG,待开发,详情返回固定 LessonPackageView；reserved_lessons 不为 0 或存在开放预约时拒绝作废；作废不删除订单、付款、预约或消课历史；无权限不能查看,
GIFT-01,赠卡规则,私教课包赠卡规则管理,管理员创建、查询、替换版本和启停课包产品到期限卡产品的赠送规则,P0,Xingzhou PENG,待开发,每个触发课包产品最多一个启用版本；奖励只能是允许赠送的期限卡；历史版本不可原地修改；规则并发修改与销售按固定锁顺序串行；列表稳定分页,规则按单次购买触发；activation_policy 为 immediate 时只赠一张，append 可按顺序赠多张
SALE-01,销售订单,销售订单列表与详情,按会员、销售种类、操作者和时间范围分页查询订单及其付款和产生的权益,P0,Mingjin LI,待开发,列表按 sold_at 和 id 稳定倒序分页；详情一次返回唯一付款、付费项目、健身房卡、课包和赠送记录；空集合使用空元组；不存在或越权抛 NotFoundError,
COACH-01,教练,教练建档,管理员创建教练资料并关联教练账号,P0,Weijie ZHOU,待开发,账号角色与档案匹配；重复关联被拒绝；资料重启仍在,查询编辑停用拆至 COACH-03 至 COACH-05
COACH-02,教练,教练课表查询,教练查看本人课表且管理员查看指定教练安排,P0,Weijie ZHOU,待开发,按日期显示正确课次及状态；教练不能以查询参数越权查看学员资料,
COACH-03,教练,教练列表与详情,按姓名或编号查询教练及专长和启用状态,P1,Weijie ZHOU,待开发,同名教练可用编号区分；空结果有提示；停用状态清晰,由 COACH-01 拆分
COACH-04,教练,修改教练资料,维护教练姓名及专长等基础信息,P1,Weijie ZHOU,待开发,校验失败保留原值；不直接修改账号角色或已排课时间,由 COACH-01 拆分
COACH-05,教练,停用与恢复教练,管理员处理课次后停用或恢复教练,P1,Weijie ZHOU,待开发,仍有未结束课次时拒绝停用；停用教练不能新排课；历史课次保留,由 COACH-01 拆分
COURSE-01,课程,创建课程模板,创建私教课程模板的名称和默认时长,P0,Weijie ZHOU；Yuxi ZHU,待开发,名称非空；默认时长为 1–150 的整数分钟；课程类型固定为 private 私教；越界不保存,场地操作拆至 COURSE-07 至 COURSE-09；共同负责；开工前在本备注细分本次任务
COURSE-02,课程,创建课次,指定课程、教练、场地和时间发布一节私教课,P0,Weijie ZHOU；Yuxi ZHU,待开发,教练及场地不撞期；相邻时段可排；容量固定为 1；起止时间差等于模板时长且不超过 150 分钟，超出 1 秒也拒绝；不限定营业时段,共同负责；开工前细分任务；排课保存名称及类型快照；提交未知按原请求编号核实
COURSE-03,课程,取消课次,管理员在允许时间取消课次并处理全部关联预约,P0,Weijie ZHOU；Yuxi ZHU,待开发,所有预约取消并按课包分组释放 reserved_lessons；重复取消不重复释放；候选集合变化时整体重试或失败；中途失败课次、预约和课包全部回滚,已确定开课前取消；批量读取并按固定顺序锁定课包，避免循环单条查询；对接 BOOK-02；共同负责；开工前细分任务
COURSE-04,课程,课程模板查询,列出课程模板并查看课程类型及默认时长,P0,Weijie ZHOU；Yuxi ZHU,待开发,按名称或启用状态筛选；类型只接受 private；不存在记录有提示；区分课程模板与具体课次,由 COURSE-01 拆分；共同负责；开工前在本备注细分本次任务
COURSE-05,课程,修改课程模板,编辑名称及默认时长等后续排课使用的信息,P1,Weijie ZHOU；Yuxi ZHU,待开发,类型固定为 private；默认时长只接受 1–150 的整数分钟；修改名称和时长不改变已发布课次的快照和起止时间,由 COURSE-01 拆分；共同负责；开工前在本备注细分本次任务
COURSE-06,课程,归档与恢复课程模板,停止或恢复使用课程模板创建新课次,P1,Weijie ZHOU；Yuxi ZHU,待开发,归档后不能据此新排课；已有课次及预约仍可处理和查询,由 COURSE-01 拆分；共同负责；开工前在本备注细分本次任务
COURSE-07,课程,新增场地,录入场地名称及最大容纳人数,P0,Weijie ZHOU；Yuxi ZHU,待开发,容量必须为正；成功后可在排课时选择,由 COURSE-01 拆分；共同负责；开工前在本备注细分本次任务
COURSE-08,课程,场地列表与详情,查询场地容量状态与已排课时段,P0,Weijie ZHOU；Yuxi ZHU,待开发,容量状态与排课使用值一致；日期筛选正确；不存在场地有提示,由 COURSE-01 拆分；共同负责；开工前在本备注细分本次任务
COURSE-09,课程,修改与停用场地,维护场地资料并限制有未结束课次时的变更,P1,Weijie ZHOU；Yuxi ZHU,待开发,缩小容量不能使已有课次超限；未结束课次处理前不能停用；保留历史,由 COURSE-01 拆分；共同负责；开工前在本备注细分本次任务
COURSE-10,课程,课表浏览与课次详情,按日期或教练筛选私教课表并查看时间、状态和预约情况,P0,Weijie ZHOU；Yuxi ZHU,待开发,余位与有效预约一致；满员取消等状态清晰；普通会员看不到其他学员资料,由 BOOK-01 拆分；共同负责；开工前在本备注细分本次任务
BOOK-01,预约,创建预约,本人或授权前台为会员选择课次与私教课包并预约,P0,Weijie ZHOU；Yuxi ZHU,待开发,BookingInput 明确使用 lesson_package_id；拒绝满员、课包不可用、可用课节不足、重复或撞期；预约与 reserved_lessons 加一一起提交；课包归属由服务和复合外键共同保证；失败无残留,共同负责；提交未知沿原 request_id 核实；允许未来生效课包提前预约其有效日期内课次；成功预约恢复本教练体测更新
BOOK-02,预约,取消预约,在开课前取消未签到且未用于入场的预约并释放课包占用,P0,Weijie ZHOU；Yuxi ZHU,待开发,仅允许开课前取消 reserved 预约；reserved_lessons 原子减一；重复请求不重复释放；已经凭该预约入场、已签到或已终结时拒绝；取消与入场锁定同一会员课次和预约,starts_at 之前取消；最后有效预约取消时停止向本教练更新体测，历史仍可看；对接 COURSE-03 和 CARD-11；共同负责
BOOK-03,预约,会员预约历史,会员按状态或日期分页查看本人预约与使用的私教课包,P0,Weijie ZHOU；Yuxi ZHU,待开发,只能看到本人记录；BookingView 固定返回 lesson_package_id；取消、签到、完成和缺席状态真实；空结果返回 Page 且稳定排序,教练名单与前台查询拆至 BOOK-04、BOOK-05；共同负责；开工前在本备注细分本次任务
BOOK-04,预约,教练学员名单,教练查看本人私教课的预约会员及签到状态,P0,Weijie ZHOU；Yuxi ZHU,待开发,名单人数与预约一致；取消、签到和缺席状态清楚；非本课教练无权访问,由 BOOK-03 拆分；提供给 ATT-01 签到入口；共同负责；开工前在本备注细分本次任务
BOOK-05,预约,前台预约查询,前台或管理员按会员课次日期和状态核对预约,P1,Weijie ZHOU；Yuxi ZHU,待开发,筛选条件组合有效；不存在记录有提示；列表不暴露无关体测数据,由 BOOK-03 拆分；共同负责；开工前在本备注细分本次任务
ATT-01,签到与消课,课程签到与教练补签,会员自行签到，教练、前台或管理员代签到；本课教练或管理员更正到场选择,P0,Yihao QIAN,待开发,开课起至结算前可签到或更正；本课教练可下课后补签并记录实际操作时刻；重复不重复写；更正不修改课包余额；取消、已完成或缺席拒绝更正,首版只支持结算前更正；前台无更正权限；原预约合法时课包事后到期不阻止补签；对接 BOOK-04
ATT-02,签到与消课,消课,本课教练或管理员完成已签到预约并消费对应私教课包一节,P0,Lvzhen ZHOU,待开发,已签到且已下课才可消课；锁定预约和 lesson_package_id 对应课包；remaining_lessons 与 reserved_lessons 各减一；ConsumptionView 固定返回 lesson_package_id；并发重复只产生一次消费；不修改健身房卡或门禁次数,调用前显示扣 1 节并确认结算后不支持更正；与 PKG-05、ATT-01 对接；合法预约可在课包事后到期后结算
ATT-03,签到与消课,缺席处理,课次结束后处理未签到的私教预约并释放课包占用,P1,Lvzhen ZHOU,待开发,同一预约只处理一次；reserved_lessons 减一且 remaining_lessons 不变；状态和余额同事务；并发处理不丢失更新；不创建消费记录,下课后处理；标记缺席后不再补签
REVIEW-01,评价,提交课程评价,会员对本人已完成预约填写评分与留言,P0,Yihao QIAN,待开发,只接受 1 至 5 整数评分；未完成或他人预约拒绝；重复提交不生成第二条评价,
REVIEW-02,评价,查看本人评价,会员查询自己提交的课程评价,P1,Yihao QIAN,待开发,能对应到课次和提交内容；他人评价不混入；不存在记录有提示,由 REVIEW-01 拆分
EQ-01,器械,器械建档,录入器械编号名称及位置,P1,Tuao SONG,待开发,资产编号唯一；必填项为空拒绝；保存后可查询,查询与资料维护拆至 EQ-03 至 EQ-05
EQ-02,器械,器械报修,登记故障描述并把可用器械转为维修中,P1,Tuao SONG,待开发,报修记录与状态同时保存；已报废器械拒绝报修；失败不留半条记录,维修完成拆至 EQ-06
EQ-03,器械,器械列表与筛选,按编号名称位置或状态查找器械,P1,Tuao SONG,待开发,能筛出维修中设备；结果分页或排序稳定；空结果有提示,由 EQ-01 拆分
EQ-04,器械,器械详情与维修历史,显示器械资料及历次报修和修复记录,P1,Tuao SONG,待开发,历史顺序正确；未修复与已修复可区分；记录指向正确器械,由 EQ-01 拆分
EQ-05,器械,修改器械资料,修改名称位置等基础资料,P1,Tuao SONG,待开发,修改不改变资产编号和维修历史；不能用编辑资料绕过状态处理,由 EQ-01 拆分
EQ-06,器械,完成维修,记录维修完成时间并恢复器械可用状态,P1,Tuao SONG,待开发,对应报修和器械状态一起更新；重复完成不重复写入；错误状态拒绝,由 EQ-02 拆分
EQ-07,器械,器械报废,归档不再使用的器械并保留记录,P1,Tuao SONG,待开发,未结束维修先处理；报废后不再可用或新报修；维修历史仍可查,由 EQ-01 拆分
MEASURE-01,体测,录入体测,授权教练记录会员身高体重及可选体脂和测量时间,P1,Tuao SONG；Mingjin LI,待开发,身高 100–250 cm、体重 30–150 kg，含边界；体脂可空且 0–100%；本教练须有当前有效预约；created_at 由服务生成；历史记录不可原地覆盖,永久历史查看权不等于新增或编辑权限；时间和授课关系按架构“体测权限规则”；共同负责；开工前细分任务
MEASURE-02,体测,体测历史与详情,会员查看本人记录；教练保留历史查看权，有效预约结束后暂停更新，再次预约恢复,P1,Tuao SONG；Mingjin LI,待开发,无历史预约不可看；取消或末次课结束后仍可看当时已有数据，后录入数据不可见；再次有效预约恢复最新历史；列表总数和详情同样受限；补录旧测量日期不能绕过,范围按本教练历史预约截止与实际 created_at 计算；延迟签到或结算不延长范围；其他教练预约不恢复本教练更新；不新建权限表；共同负责
MEASURE-03,体测,体测变化对比,在两次测量间展示同一会员的数值变化,P1,Tuao SONG；Mingjin LI,待开发,不同会员不能混比；两条记录同一查询时刻和可见范围；任一条不可见不泄露差值；缺体脂可处理；不足两条有提示,由 MEASURE-02 拆分；仅作记录对比，不作医疗判断；共同负责
PAY-01,收款,收款流水列表,授权员工分页查询健身房卡和私教课包销售产生的模拟实收流水,P0,Mingjin LI,待开发,PaymentView 通过 sale_order_id 关联订单并返回 member_id；金额与订单总额一致；赠卡不产生额外流水；不显示密码或课包余额等无关字段；历史流水不能编辑覆盖,详情筛选拆至 PAY-02、PAY-03；写入见 PAY-04
PAY-02,收款,收款明细,按流水编号查看金额、方式、时间及对应会员和销售订单,P0,Mingjin LI,待开发,能从一笔收款追溯到唯一销售订单，再由订单详情查看付费项目与产生的权益；不存在或越权抛项目异常；不假定一笔付款直接对应一张卡,由 PAY-01 拆分；订单聚合详情见 SALE-01
PAY-03,收款,收款筛选,按时间范围、会员或收款方式分页筛选流水,P1,Mingjin LI,待开发,时间范围前含后不含；条件组合有效；SQL 计数与分页使用相同权限筛选；稳定排序；无数据返回 Page(items=[]、total=0),由 PAY-01 拆分
PAY-04,收款,销售事务中的收款写入,向健身房卡和私教课包销售事务提供付款写入与防重复结果查询支持,P0,Mingjin LI,待开发,每笔销售订单恰有一笔金额相等的付款；相同 request_id 不多收费；收款失败时订单、项目、课包、卡和赠送全部回滚；赠卡不生成零金额付款,由 CARD-02 拆分；与 Xingzhou PENG 共同对齐 CARD-02、CARD-08、PKG-04；不另设脱离销售的收款入口
REPORT-01,报表,实收汇总,管理员按日期范围汇总实际付款并按健身房卡或私教课包销售分类,P0,Mingjin LI,待开发,总笔数和金额等于两类 breakdowns 之和；无数据分类也返回固定零值；边界日期前含后不含；赠卡、预约和消课不增加实收,
REPORT-02,报表,会员与权益统计,在同一只读快照统计会员档案、健身房卡、普通会员资格和私教课包,P1,Mingjin LI,待开发,期限卡、次卡与课包各按互斥口径分类；members_with_gym_access 对有效期限卡和可用次卡会员去重；课包 remaining、reserved 和 available 分列；统计时刻和业务日期由服务生成；赠卡与课包分别计数,课程统计拆至 REPORT-04；当前快照不作历史状态回放
REPORT-03,报表,导出报表,导出当前授权范围和筛选条件下的收款、收入、权益、课次或教练 CSV,P1,Mingjin LI,待开发,仅管理员可导出；同一只读快照按主键游标分批读取；最多 10000 行且超限报错；列与屏幕口径一致；UTF-8 中文可打开；文本公式前缀安全转义；无权字段不导出,
REPORT-04,报表,课程预约与到课统计,按课次或时间范围统计预约签到完成及缺席情况,P1,Mingjin LI,待开发,取消记录与有效预约分开统计；分母为零时有明确显示；口径可与原始记录核对,由 REPORT-02 拆分
REPORT-05,报表,教练授课统计,管理员按教练汇总课次数和到课人次,P1,Mingjin LI,待开发,取消课次不计已授课；共同日期口径一致；空数据返回零,由 REPORT-02 拆分
LOG-01,异常与日志,异常类型与统一处理入口,在 src/errors/ 归类异常并统一返回 ErrorResult 中文处理结果,P0,Jiafeng YE,待开发,CLI 和 TUI 使用同一入口；已知错误可恢复；账号失效回登录；严重错误退出；提交未知结果先核实,数据回滚由服务负责；处理器不直接打印或调用数据库；返回格式见架构“错误处理”
LOG-02,异常与日志,业务操作日志,记录关键写操作结果及操作者和请求编号,P0,Jiafeng YE,待开发,成功提交后才记成功；可定位相关记录；不含密码完整联系方式或体测值,由 LOG-01 拆分
LOG-03,异常与日志,系统错误日志与脱敏,统一记录意外异常堆栈及数据库失败并隐藏敏感内容,P0,Jiafeng YE,待开发,同一异常只记录一次；数据库错误参数不泄露凭据；日志失败不把已提交业务报告为失败,由 LOG-01 拆分
LOG-04,异常与日志,管理员日志浏览,通过固定快照按时间级别操作人和请求编号查询日志,P1,Jiafeng YE,待开发,只有管理员可用；筛选和翻页沿用同一快照；刷新重取快照；损坏行计数但不泄露原始敏感内容,包含 AuthService.open_log_snapshot/query_logs 和 python -m src.cmd.logs 本机入口
TEST-01,测试,模型与服务测试,组织模块负责人验证规则和边界及固定返回格式,P0,Lvzhen ZHOU,开发中,覆盖健身房卡、课包、销售、赠送、预约和三路入场的日期金额次数与状态；列表零条一条多条均返回 Page；详情或异常类型固定；判别联合不会按分支返回字典或 None；拒绝后无残留修改,Lvzhen ZHOU 统筹；各模块负责人补本模块用例；格式定义见架构“公共接口约定”；已增加静态格式检查，尚不能替代业务测试
TEST-02,测试,数据库持久化与回滚测试,用独立 MySQL 测试库验证 v3 约束及原子写入,P0,Lvzhen ZHOU,待开发,重启记录仍在；销售收款赠卡、预约占用、取消、消课和次卡入场故障注入不留部分写入；课包与会员归属、消课与预约课包一致、三路入场 XOR 由数据库约束拒绝非法数据；不污染业务库,各相关模块负责人参与；并发场景拆至 TEST-06；迁移场景拆至 TEST-08
TEST-03,测试,CLI 主流程演示,从 CLI 用合成数据走通售卡、售课包赠卡、预约、入场、消课、评价和报表,P0,Lvzhen ZHOU,待开发,无需 TUI 依赖即可复现；付款只随销售产生；赠卡不重复计收款；三种入场来源均可演示；所有步骤操作实际数据；记录版本及验证结果,各业务负责人配合联调
TEST-04,测试,CLI 交互测试,验证公共输入菜单分发和各模块交互,P0,Lvzhen ZHOU,待开发,错误输入可继续；取消不触发写服务；退出正常；未实现操作显示待接入提示且不伪装成功,由 TEST-03 拆分；各模块负责人补各自操作处理器用例
TEST-05,测试,权限与归属测试,直接调用服务验证各角色允许及拒绝的操作,P0,Lvzhen ZHOU,待开发,会员跨人查询订单权益或预约被拒绝；教练跨课被拒绝；前台不能看体测或管理赠卡规则；归档会员的新销售新预约和卡来源入场被拒绝；体测历史保留、停止更新、再次预约恢复；详情与分页 total 使用同一范围；停用账号无效,由 TEST-01 拆分；与 Jiafeng YE 及各模块负责人对接
TEST-06,测试,并发与重复请求测试,用独立数据库连接验证销售、预约、取消、消课和入场竞争,P0,Lvzhen ZHOU,待开发,同一课包最后可用课节只被一个预约占用；课次最后名额不超卖；期限卡并发接续不重叠；规则修改与课包销售结果一致；入场与取消预约只有合法一方成功；同会员同日并发入场只留一条且次卡只扣一次；相同 request_id 复用原结果；余额不为负,由 TEST-02 拆分；与健身房卡、课包、赠送、课程、预约及消课负责人对接
TEST-07,测试,新环境复现与运行指引,从干净环境按说明安装初始化和启动 CLI,P0,Lvzhen ZHOU,待开发,另一位组员可按步骤运行；说明包含目录和预期结果；TUI 依赖可不装,由 TEST-03 拆分；实际验证后再写命令和结果
TEST-08,测试,v2 到 v3 迁移验证,在旧结构副本上验证混合会员卡数据可恢复地迁移为订单、健身房卡、课包、赠送和三路入场结构,P0,Lvzhen ZHOU,待开发,停机迁移可重入；每项旧数据有唯一映射；记录数、付款金额、次卡总次数和余额、课节总额与占用逐项一致；预约和消课改指课包；正式外键不指向备份或影子表；校验失败不写版本 3,使用合成 v2 数据和故障注入；保留映射表支持核验；不覆盖业务库
TEST-09,测试,查询性能与安全测试,验证权益、订单、预约、报表和导出在数据量增长时保持有界查询并隐藏敏感信息,P1,Lvzhen ZHOU,待开发,列表和 COUNT 在 SQL 分页且无 N+1；取消课次批量释放课包占用；导出游标分批且限制 10000 行；SQL 特殊字符通过参数绑定按文本处理；CSV 公式前缀转义；日志和错误不含密码、连接串、完整联系方式、体测值或课包余额快照,与各 Repository、ReportService 和日志负责人对接
EXT-01,后续扩展,会员卡冻结与延期,在业务规则明确后支持冻结和调整有效期,P2,Lvzhen ZHOU,待确认,先确认是否允许未结预约及如何计算延期；有记录且不破坏消费历史,不进入首轮；退款拆至 EXT-03
EXT-02,后续扩展,预约候补,满员后候补并在取消时按顺序递补,P2,Lvzhen ZHOU,待确认,递补顺序明确；递补前重验卡和时间冲突；不超出容量,不进入首轮
EXT-03,后续扩展,退卡与退款,确认剩余权益与金额规则后记录退卡和退款,P2,Lvzhen ZHOU,待确认,退款有独立可追溯记录；重复请求不重复退；不覆盖原收款,由 EXT-01 拆分；不进入首轮；与会员卡及收款负责人对接
